name,value
January,10401.63764
February,15000.09618
March,17992.91756
April,17366.96722
May,29876.70374
June,34407.15362
July,15585.38842
August,43573.87858
September,27776.18034
October,30662.8827
November,31820.7218
December,32950.7513
