name,value
January,26810.55968
February,23762.4961
March,23433.77462
April,19462.03844
May,28495.6941
June,45478.4134
July,28863.8272
August,31023.66846
September,38905.66778
October,42433.22258
November,48062.9967
December,50202.87112
