name,value
January,8321.80096
February,12417.90698
March,15303.56826
April,12902.32438
May,12183.8287
June,23415.24702
July,5585.00352
August,23713.66772
September,35776.88394
October,25963.41834
November,32709.17772
December,40647.984
