name,value
January,28001.38626
February,19751.69996
March,37357.26052
April,23782.3012
May,33953.55774
June,43778.6028
July,28035.87258
August,53542.89496
September,67979.4511
October,58209.83476
November,62856.5879
December,46916.52068
